SMILES,XLogP,MolecularWeight,Complexity,RefLikeness
CCCCCCCCCCCCCCCCC(C(CO)O)OS(=O)(=O)O,4.4,396.6,398.8,0.07
CC(C)CCCCC(CCCCCCCCO)OS(=O)(=O)O,4.1,338.5,340.4,0.03
CC(C)CCCC(CCCCCCCCO)OS(=O)(=O)O,3.7,324.5,327.0,0.03
CCCCCCCCCCCCCCCCCCC(C(CO)O)OS(=O)(=O)O,5.2,424.6,426.6,0.07
CCCCCCCCCCCCCCCCC(CCCCCCCCCCCCCCCC)(C(CO)O)OS(=O)(=O)O,10.6,621.0,621.9,0.06
CCCCCCCCCCCCC(C(COS(=O)(=O)O)O)O,2.8,340.5,343.9,0.05
CCCCCCCCC=CCCCCCCCCC(C(CO)O)OS(=O)(=O)O,5.0,422.6,463.5,0.08
CCCCCC(C(C(CO)OS(=O)(=O)C)O)O,-0.4,270.3,289.2,0.12
CCCCCCCCC(C(COS(=O)(=O)O)O)OC(C)C,2.7,326.5,341.4,0.05
CCCCCCCCCCCCC(C(CO)O)OC(CCCCCCCCCCCC)C(CO)OS(=O)(=O)O,6.9,582.9,616.1,0.06
CCCCCCCCCCCCOS(=O)(=O)O.C(C(CO)O)O,2.1,358.5,315.8,0.12
CC(C)CCCCCCCCCCCCCCCOCC(COS(=O)(=O)O)O,5.3,424.6,424.6,0.08
CC(C)CCCCCCCCCCCOS(=O)(=O)O,4.4,294.5,285.8,0.05
CCCCCCCCC=CCCCCC(CCCC(CC)OS(=O)(=O)O)CCO,6.6,434.7,475.7,0.03
CC(C)CCCCCCCCCCCCCCCCCOS(=O)(=O)O,6.7,378.6,365.9,0.05
CCCCCCCCCCCCC(CCCCCCCCCCCOS(=O)(=O)O)O,7.4,450.7,438.9,0.01
CC(C)CCCCCCCCCCCCOS(=O)(=O)O,4.8,308.5,299.0,0.05
CC(C)CCCCCCCCCCCCCCCOS(=O)(=O)O,5.9,350.6,338.9,0.05
CCCCCCCCCCCCC(CCCCOS(=O)(=O)O)O,4.6,352.5,342.9,0.01
CC(C)CCCCCCCCCCCCCOS(=O)(=O)O,5.1,322.5,312.2,0.05
CC(C)CCCCCCCCCCCCCCCCOS(=O)(=O)O,6.3,364.6,352.4,0.05
CCCCCCCCCCCCCC(CCCO)CCSCCC(CCOS(=O)(=O)O)O,6.2,498.8,486.9,0.07
CCCCCCCCCCCCCCCCC(COS(=O)(=O)O)O,5.0,366.6,356.4,0.01
CCCCCCCCCCCCCCCCCCOC(CO)CS(=O)(=O)O,5.5,408.6,397.4,0.08
CCCCCCCCCCCCCCCCCC(=O)C(COS(=O)(=O)O)O,5.0,408.6,449.4,0.05
CCCCCCCCCCCCCCC(COS(=O)(=O)O)O,4.3,338.5,329.4,0.01
CCCCCCCCCCCCCCCO.CCOS(=O)(=O)O,4.9,354.6,290.1,0.01
CCCCCCCCCCCCCCO.CCOS(=O)(=O)O,4.5,340.5,278.9,0.01
CCC(C)CCCCCCCCCCCCCCCCCCCCOS(=O)(=O)O,8.3,434.7,422.6,0.1
CC(CCCCCCCCCCCCCCS(=O)(=O)O)O,4.3,322.5,312.2,0.08
CCCCCCCCC(C)CCCCOS(=O)(=O)O,4.4,294.5,287.8,0.1
CCCCCCCCCC(CCCCCCS(=O)(=O)O)O,4.3,322.5,314.2,0.06
CCCCCCCCC(CCCCCCCCOO)S(=O)(=O)O,5.2,352.5,342.9,0.01
CCCCCCCCCCCCCCCC(CCS(=O)(=O)O)O,5.1,350.6,340.9,0.06
CCCCCCCCCCCCCCCCCCOS(=O)(=O)O,6.1,350.6,327.9,0.08
CCCCCCCCCCCCCCCCCOOS(=O)(=O)O,5.6,352.5,329.9,0.03
CCCCCC(CCCCCCCCCCCS(=O)(=O)O)O,4.7,336.5,327.6,0.06
CCCCCCCCCCC=CCCCCCCCCCCOS(=O)(=O)O,7.4,404.7,418.0,0.05
CC(=O)CCCCCCCCCCCCCCCCCOS(=O)(=O)O,5.6,378.6,406.0,0.01
CC(=O)CCCCCCCCCCCCCCCCCCOS(=O)(=O)O,6.0,392.6,419.9,0.01
CCCCCCCCCCCCCCC(CCCCCCCCC)COS(=O)(=O)O,8.7,448.8,436.4,0.05
CC(=O)CCCCCCCCCCCCCCCCCCCCCOS(=O)(=O)O,7.2,434.7,461.9,0.01
CCCCC(CC)CCCCCCCCCOS(=O)(=O)O,5.1,322.5,314.2,0.1
CCCCCCCCC(C)CCCCCCCOS(=O)(=O)O,5.5,336.5,327.6,0.1
CCCCCCCCCCC(C)COS(=O)(=O)O,4.0,280.4,274.7,0.05
CCCCCCCCCCCCC(CCCCCC)COS(=O)(=O)O,6.7,378.6,367.9,0.05
CCCCCCCCCCCCCCCCCCCCOS(=O)(=O)O,6.8,378.6,354.7,0.08
CCCCCCCCCCCCCC(CCCCCCC)COS(=O)(=O)O,7.5,406.7,395.1,0.05
CCCCCCCCCCCCCCCCC(CCCCCCCCCC)COS(=O)(=O)O,9.8,490.8,478.3,0.05
CCC(C)CCCCCCCCCCCCCCCCCCCOS(=O)(=O)O,7.9,420.7,408.8,0.1
CC(C)CCCC(C)CCCC(C)CCCC(C)CCOS(=O)(=O)O,6.3,378.6,405.9,0.03
CCCCCCCCCCCC(CCCCO)OS(=O)(=O)O,4.3,338.5,329.4,0.01
CCCCCCCCCC(CCCCCCCC)OS(=O)(=O)O.CCO,6.1,396.6,357.2,0.03
CCCCCCCCC=CCCCCCCCCC(COS(=O)(=O)O)O,5.6,392.6,419.9,0.03
CCCCCCCCCCCCC(CCCCCCCCCCCOS(=O)(=O)O)O,7.4,450.7,438.9,0.01
CCCCCCCCCCCCCCCCCCCC(CCCCCC)COS(=O)(=O)O,9.4,476.8,464.3,0.05
CCCCCCCCCCCCCOS(=O)(=O)O,4.1,280.4,262.2,0.08
CCCCCCCCCC=CCCCOS(=O)(=O)O,4.3,292.4,309.4,0.05
CC(C)CCCCCCCCCCCCCCCCOS(=O)(=O)O,6.3,364.6,352.4,0.05
CCCC.CCCCCCCCCCCCCCCCOS(=O)(=O)O,7.1,380.6,326.6,0.05
CCCCCCCCCCCCC(CCC)OS(=O)(=O)O,5.3,322.5,314.2,0.0
CCCCCCCCCCCC(C)(C)CCCOS(=O)(=O)O,5.5,336.5,349.7,0.03
CCCCCCCCCCCCCC=CC(CCCCCCCC)COS(=O)(=O)O,8.4,446.7,473.5,0.03
CCCCCCCCCCCC(COS(=O)(=O)O)C=CCCCCCCC,7.3,404.7,431.6,0.03
CCC(C)CCCCCCCCCCCCCCOS(=O)(=O)O,5.9,350.6,340.9,0.1
CCCCCCCCCCCCCCCC(CCCCCCCCC)COS(=O)(=O)O,9.0,462.8,450.3,0.05
CCCCCCCCCCCCCCCCCCOCCCS(=O)(=O)O,6.5,392.6,368.2,0.01
CCCCCCCCCCC(C)CCC(C)COS(=O)(=O)O,5.4,336.5,340.6,0.03
CCCCCCCCCCCCC(COS(=O)(=O)O)C=CCCCCCCC,7.6,418.7,445.5,0.03
CCCCCCCCCCC(C)COS(=O)(=O)O,4.0,280.4,274.7,0.05
CCCCCCCCCCCCCCCCOS(=O)(=S)O,5.6,338.6,302.6,0.0
CCCCCCCCC(COS(=O)(=O)O)C=CCCCCCCC,6.1,362.6,390.2,0.03
CCCCCCCCCCCCCCCCC(COS(=O)(=O)O)C=CCCCCCC,8.8,460.8,487.6,0.03
CCCCCCCCCCCCCCCOS(=O)O,5.2,292.5,197.8,0.0
CCCCCCCCCCCCCC(CCCCS(=O)(=O)O)OC,5.8,364.6,354.4,0.01
CCCCCCCCCCCCCCCCOS(=O)(=O)O,5.3,322.5,301.4,0.08
CCCCCCCCCCCC(CCCCCCCCCCO)S(=O)(=O)O,6.7,406.7,373.1,0.05
CCCCCCCCCCC(CCCCCCCCCCCCCO)S(=O)(=O)O,7.4,434.7,422.6,0.05
CCCCCCCC(C)CCCCCCCCOS(=O)(=O)O,5.5,336.5,327.6,0.1
CCCCCCCCC=CCCCCCCCCOS(=O)(=O)O,5.8,348.5,363.2,0.05
CCCCCCCCC=CCCCCCCCCCOS(=O)(=O)O,6.2,362.6,376.8,0.05
CCCCCCCCCCCCCCCCCCCCOS(=O)(=O)O,6.8,378.6,354.7,0.08
CCCCCCCCCCCCCC.C=CCOS(=O)(=O)O,5.7,336.5,300.6,0.01
CCCCCCCCCCCC(CCCCCCCCCCC)COS(=O)(=O)O,8.3,434.7,400.6,0.05
CCCCCCCCCCCCCCCCCCCC=COS(=O)(=O)O,7.4,390.6,404.2,0.07
CCCCCCCCCCCCCCC(C)(C)COS(=O)(=O)O,5.9,350.6,363.2,0.01
CCCCCCCCCC(COS(=O)(=O)O)C=CCCCCCCCC,6.9,390.6,417.7,0.03
CCCCCCCCCCCCCCCOS(=O)(=O)O,4.9,308.5,288.2,0.08
CCCCCCCCCCCCCCCCCCCC(CCCCCC)COS(=O)(=O)O,9.4,476.8,464.3,0.05
CCCCCCC=CCCCCCCCCOS(=O)(=O)O,5.1,320.5,336.2,0.05
CCC(C)CCCCCCCCCCCCCCCCCCCOS(=O)(=O)O,7.9,420.7,408.8,0.1
CCCCCCCCCCCCCCCCCCCCCCCCCOS(=O)(=S)O,9.1,464.8,424.1,0.0
CCCCCCCCC=CCCCCCCCCOS(=O)(=O)O,5.8,348.5,363.2,0.05
CCCCCCCCCC(C)CCOS(=O)O,4.3,264.4,185.5,0.03
CCCCCCCCCCC(C)CCCCCCOS(=O)(=O)O,5.9,350.6,340.9,0.1
CCCCCCCCCCCCCCCCCC=CCOS(=O)O,7.0,360.6,292.6,0.07
CCCCCCCCCCCCCCOS(=O)(=O)O,4.5,294.5,275.2,0.08
CCCCCCCCCCC=CCCCCCCCCCCOS(=O)(=O)O,7.4,404.7,418.0,0.05
CC(=O)CCCCCCCCCCCCCCCCCCOS(=O)(=O)O,6.0,392.6,419.9,0.01
CCCCCCCCCCCCCCC(CCCCCCCCC)COS(=O)(=O)O,8.7,448.8,436.4,0.05
CC(=O)CCCCCCCCCCCCCCCCCCCCCOS(=O)(=O)O,7.2,434.7,461.9,0.01
CCCCCCCCCCCCC(CCCCCC)COS(=O)(=O)O,6.7,378.6,367.9,0.05
CCCCCCCCCCCCCC(CCCCCCC)COS(=O)(=O)O,7.5,406.7,395.1,0.05
CC(C)CCCCCCCCCCCCCCCCOS(=O)(=O)O,6.3,364.6,352.4,0.05
CCCCCCCCCCCCC=CC(CCCCCCC)COS(=O)(=O)O,7.6,418.7,445.5,0.03
CCCCCCCCCCCCCCCCCCC(=O)CCOS(=O)(=O)O,6.4,406.6,433.9,0.01
CCCCCCCCCCCCCCCCOC(CCC)OS(=O)(=O)O,6.4,394.6,383.7,0.03
CCCC.CCCCCCCCCCCCCCCCOS(=O)(=O)O,7.1,380.6,326.6,0.05
CCCCCCCCCCCCC(CCC)OS(=O)(=O)O,5.3,322.5,314.2,0.0
CCCCCCCCCCCCCC=CC(CCCCCCCC)COS(=O)(=O)O,8.4,446.7,473.5,0.03
CCCCCCCCCCCC(COS(=O)(=O)O)C=CCCCCCCC,7.3,404.7,431.6,0.03
CCCCCCCC(COS(=O)(=O)O)C=CCCCCCC,5.3,334.5,362.9,0.03
CCC(C)CCCCCCCCCCCCCCOS(=O)(=O)O,5.9,350.6,340.9,0.1
CCCCCCCCCCCCCCCC(CCCCCCCCC)COS(=O)(=O)O,9.0,462.8,450.3,0.05
CCCCCCCCCCCCC(CCCCCCC)COS(=O)(=O)O,7.1,392.6,381.5,0.05
CCCCCCCCCCCCCCCCCCOCCCS(=O)(=O)O,6.5,392.6,368.2,0.01
CCCCCCCCCCC(C)CCC(C)COS(=O)(=O)O,5.4,336.5,340.6,0.03
CCCCCCCCCCCCC(COS(=O)(=O)O)C=CCCCCCCC,7.6,418.7,445.5,0.03
CCCCCCCCCCCCCCCCOS(=O)(=S)O,5.6,338.6,302.6,0.0
CCCCCCCCC(COS(=O)(=O)O)C=CCCCCCCC,6.1,362.6,390.2,0.03
CCCCCCCCCCCCCCCCC(COS(=O)(=O)O)C=CCCCCCC,8.8,460.8,487.6,0.03
CCCCCCCCCCCCCCCOS(=O)O,5.2,292.5,197.8,0.0
CCCCCCCCCCC=CCCCCCCCCCCOS(=O)(=O)O,7.4,404.7,418.0,0.05
CCCCCCCCCCCCCCC(CCCCCCCCC)COS(=O)(=O)O,8.7,448.8,436.4,0.05
CCCCCCCCC(CCC)COS(=O)(=O)O,4.0,280.4,274.7,0.05
CC(=O)CCCCCCCCCCCCCCCCCCCCCOS(=O)(=O)O,7.2,434.7,461.9,0.01
CCCCCCCCCCCCC(CCCCCC)COS(=O)(=O)O,6.7,378.6,367.9,0.05
CCCCCCCCCCCCCCCCCCCCOS(=O)(=O)O,6.8,378.6,354.7,0.08
CCCCCCCCCCCCCC(CCCCCCC)COS(=O)(=O)O,7.5,406.7,395.1,0.05
CCCCCCCCCC=CCCCOS(=O)(=O)O,4.3,292.4,309.4,0.05
CCCCCCCCC=CCCCCCCCCOS(=O)(=O)O,5.8,348.5,363.2,0.05
CCCCCCCCC=CCCCCCCCCCOS(=O)(=O)O,6.2,362.6,376.8,0.05
CCCCCCCCCCCCCCCCCCCC(CCCCCC)COS(=O)(=O)O,9.4,476.8,464.3,0.05
CCCCCCCCCC=CC(CCCCCCCCC)COS(=O)(=O)O,7.3,404.7,431.6,0.03
CCCCCCCCCCCCCOS(=O)(=O)O,4.1,280.4,262.2,0.08
CCCCCCCCCCC(C)CCCCCOS(=O)(=O)O,5.5,336.5,327.6,0.1
CCCCCCCCCCCCCCCCC(C)COS(=O)(=O)O,6.3,364.6,354.4,0.05
CCCCCCCCCCCCC(C)(C)CCCOS(=O)(=O)O,5.9,350.6,363.2,0.03
CCCCCCCCCCCC(CCCCCCCCCC)COS(=O)(=O)O,7.9,420.7,408.8,0.05
CC(C)CCCCCCCCCCCCCCCCOS(=O)(=O)O,6.3,364.6,352.4,0.05
CCCCCCCCCCCCC=CC(CCCCCCC)COS(=O)(=O)O,7.6,418.7,445.5,0.03
CCCCCCCCCCCCCCCCCCC(=O)CCOS(=O)(=O)O,6.4,406.6,433.9,0.01
CCCCCCCCCCCCCCCCOC(CCC)OS(=O)(=O)O,6.4,394.6,383.7,0.03
CCCC.CCCCCCCCCCCCCCCCOS(=O)(=O)O,7.1,380.6,326.6,0.05
CCCCCCCCCCCCC(CCC)OS(=O)(=O)O,5.3,322.5,314.2,0.0
CCCCCCCCCCCC(C)(C)CCCOS(=O)(=O)O,5.5,336.5,349.7,0.03
CCCCCCCCCCCCCC=CC(CCCCCCCC)COS(=O)(=O)O,8.4,446.7,473.5,0.03
CCCCCC(C)CCCCC(C)COS(=O)(=O)O,4.2,294.5,300.6,0.03
CCCCCCCCCCCCCCCCCCCC(CCCCCC)COS(=O)(=O)O,9.4,476.8,464.3,0.05
CCCCCCCCCC=CC(CCCCCCCCC)COS(=O)(=O)O,7.3,404.7,431.6,0.03
CCCCCCCCCCCCCOS(=O)(=O)O,4.1,280.4,262.2,0.08
CCCCCCCCCC=CCCCOS(=O)(=O)O,4.3,292.4,309.4,0.05
CCCCCCCCCCC(CC)COS(=O)(=O)O,4.4,294.5,287.8,0.05
CCCCCCCCCCCCCCOS(=O)(=O)O,4.5,294.5,275.2,0.08
CCCCCCCCCCCCC(CCCCCCCC)COS(=O)(=O)O,7.5,406.7,395.1,0.05
CCCCCCCCCCCCCCOS(=O)(=O)O.[Mg],4.1,318.8,280.9,0.01
CCCCCCCCCCCCCCCCC(CCCCCCC)COS(=O)(=O)O,8.7,448.8,436.4,0.05
CCCCCCCCCCCCC(CCCCCCCCC)COS(=O)(=O)O,7.9,420.7,408.8,0.05
CCCCCCCCC=CCCCCCCCCOCCOS(=O)(=O)O,5.9,392.6,406.4,0.01
CCCCCCCCCCCCCCCCOS(=O)(=S)O,5.6,338.6,302.6,0.0
CCCCCCCC(C)CCCCCCCCOS(=O)(=O)O,5.5,336.5,327.6,0.1
CCCCCCCC=CCCCCCCCOS(=O)(=O)O,5.1,320.5,336.2,0.05
CCCCCCCCC=CCCCCCCCCOS(=O)(=O)O,5.8,348.5,363.2,0.05
CCCCCCCCC=CCCCCCCCCCOS(=O)(=O)O,6.2,362.6,376.8,0.05
CC(=O)CCCCCCCCCCCCCCCCCCOS(=O)(=O)O,6.0,392.6,419.9,0.01
CCCCCCCCCCCCCCCCCCCCOS(=O)(=O)O,6.8,378.6,354.7,0.08
CCCCCCCC(CCCCC)CCOS(=O)(=O)O,4.8,308.5,301.0,0.1
CCCCCCCCCCCCC(CCCCCCCC)COS(=O)(=O)O,7.5,406.7,395.1,0.05
CCCCCCCCCCCCCCCCC(CCCCCCC)COS(=O)(=O)O,8.7,448.8,436.4,0.05
CCCCCCCCCCCCC(CCCCCCCCC)COS(=O)(=O)O,7.9,420.7,408.8,0.05
CCCCCCCCCCCCCCCCCCCC(CCCCCC)COS(=O)(=O)O,9.4,476.8,464.3,0.05
CCCCCCCCCC=CC(CCCCCCCCC)COS(=O)(=O)O,7.3,404.7,431.6,0.03
CCCCCCCCCCCCCCCCCCOCCOCCCCS(=O)(=O)O,6.9,450.7,425.3,0.03
CCCCCC(CC)CC(C)CCOS(=O)O,4.2,264.4,197.1,0.0
CCCCCCCC(CCC)CCOS(=O)O,4.3,264.4,185.5,0.03
CCCCCCCCC=CCCCCCCCCCCOS(=O)(=O)O,6.6,376.6,390.5,0.05
CCCCCCCCCCCCCCCCCCCCCOS(=O)(=O)O,7.2,392.6,368.2,0.08
CCCCCCCCCCCCCCCCCCOS(=O)O,6.4,334.6,234.4,0.0
CCCCCCCC(COS(=O)(=O)O)C=CCCCCCC,5.3,334.5,362.9,0.03
CCCCCCCCCCCCCCCC(CCCCCCCCC)COS(=O)(=O)O,9.0,462.8,450.3,0.05
CCCCCCCCCCCCC(CCCCCCC)COS(=O)(=O)O,7.1,392.6,381.5,0.05
CCCCCCCCCCCCCCCCCCOCCCS(=O)(=O)O,6.5,392.6,368.2,0.01
CCCCCCCCCCCCC(COS(=O)(=O)O)C=CCCCCCCC,7.6,418.7,445.5,0.03
CCCCCCCCCCCCCCCCC(COS(=O)(=O)O)C=CCCCCCC,8.8,460.8,487.6,0.03
CCCCCCCCCCCCCCCOS(=O)O,5.2,292.5,197.8,0.0
CCCCCCCCCCCCCCCCOS(=O)(=O)O,5.3,322.5,301.4,0.08
CCCCCCCCCCCCOCCC(CCCCCCCCC)OS(=O)(=O)O,7.6,450.7,438.9,0.01
CCC(C)CCCCCCCCCCCCCCCCCCCCOS(=O)(=O)O,8.3,434.7,422.6,0.1
CCCCCCCCCCCCC(C(=O)OCCCCCCCCCC)S(=O)(=O)O,7.2,448.7,489.8,0.01
CCCCCCCCCCCCCC.C=CCOS(=O)(=O)O,5.7,336.5,300.6,0.01
CCCCCCCCCCCC(CCCCCCCCCCC)COS(=O)(=O)O,8.3,434.7,400.6,0.05
CCCCCCCCCCCCCCCCCCCC=COS(=O)(=O)O,7.4,390.6,404.2,0.07
CCCCCCCCCCCCCCCCCC(COS(=O)(=O)O)C=CCCCC,8.4,446.7,473.5,0.03
CCCCCCCCCCCCCCC(C)(C)COS(=O)(=O)O,5.9,350.6,363.2,0.01
CCCCCCCCCC(COS(=O)(=O)O)C=CCCCCCCCC,6.9,390.6,417.7,0.03
CCCCCCCCCCCCCCCCCCCC(CCCCCC)COS(=O)(=O)O,9.4,476.8,464.3,0.05
CCCCCCCCCC=CC(CCCCCCCCC)COS(=O)(=O)O,7.3,404.7,431.6,0.03
CCCCCCCCCCCCC(CCCCCCCCCCC)COS(=O)(=O)O,8.7,448.8,436.4,0.05
CCCCCCCCCC(COS(=O)(=O)O)C=CCCCCCCC,6.5,376.6,403.9,0.03
CC(C)CCCCCCCCCCCCCCCCCOS(=O)(=O)O,6.7,378.6,365.9,0.05
CCCCCCCCCCCCCCCC(CCCCCCCCC)COS(=O)(=O)O,9.0,462.8,450.3,0.05
CCCCCCCCCCCCC(CCCCCCC)COS(=O)(=O)O,7.1,392.6,381.5,0.05
CCCCCCCCCCCCCCCCCCOCCCS(=O)(=O)O,6.5,392.6,368.2,0.01
CCCCCCCCCCCCC(COS(=O)(=O)O)C=CCCCCCCC,7.6,418.7,445.5,0.03
CCCCCCCCCCCCCCCCC(COS(=O)(=O)O)C=CCCCCCC,8.8,460.8,487.6,0.03
CCCCCCCCCCCCCCCOS(=O)O,5.2,292.5,197.8,0.0
CCCCCCCCCCCCCCCCCCS(=O)(=O)OO,6.1,350.6,327.9,0.02
CCC(C)CCCCCCCCCCCCCCCCCCCOS(=O)(=O)O,7.9,420.7,408.8,0.1
CCCCCCCCCCCCCCCCCCCCCCCCCOS(=O)(=S)O,9.1,464.8,424.1,0.0
CCCCCCCCC=CCCCCCCCCOS(=O)(=O)O,5.8,348.5,363.2,0.05
CCCCCCCCCCCCCCCCCC=CCOS(=O)O,7.0,360.6,292.6,0.07
CCCCCCCCCCCCCCCCCCCCCOS(=O)(=O)O,7.2,392.6,368.2,0.08
CCCCCCCCCCCCCCCCOS(=O)O,5.6,306.5,209.9,0.0
CCCCCCCC(CCC)CCOS(=O)O,4.3,264.4,185.5,0.03
CCCCCCCCCCCCCC.C=CCOS(=O)(=O)O,5.7,336.5,300.6,0.01
CCCCCC(C)CCCCCCC(C)COS(=O)(=O)O,5.0,322.5,327.2,0.03
CCCCCCCCCCCC(CCCCCCCCCCC)COS(=O)(=O)O,8.3,434.7,400.6,0.05
CCCCCCCCCCCCCCCCCCCC=COS(=O)(=O)O,7.4,390.6,404.2,0.07
CCCCCCCCCCCCCCC(C)(C)COS(=O)(=O)O,5.9,350.6,363.2,0.01
CCCCC(CC)CCCCC(C)COS(=O)(=O)O,4.2,294.5,300.6,0.03
CCCCCCCCCCCCCOCCOS(=O)(=O)O,4.1,324.5,303.2,0.01
CCCCCCCCCCCCCCCCCCOCCCS(=O)(=O)O,6.5,392.6,368.2,0.01
CCCCCCCCCCCCOCCCCOS(=O)O,4.9,322.5,224.3,0.02
CCCCCCCCCCCCCCCCCCCCCCCCCCCCS(=O)(=O)O,10.0,474.8,447.6,0.06
CCCCCCCCCCCCCCOOS(=O)(=O)O,4.4,310.5,289.9,0.03
CCCCCCCCCCCCCCCCCCCCCCCCCS(=O)(=O)O,8.9,432.8,406.3,0.06
CCCCCCCCCCCCCCCCCS(=O)(=O)O,5.7,320.5,299.2,0.06
CCCCCCCCCCCCCOS(=O)(=O)O,4.1,280.4,262.2,0.08
CCCCCCCCCCCCCCCCCCS(=O)(=O)OO,6.1,350.6,327.9,0.02
CCCCCCCCCCCCCCCCS(=O)(=O)O,5.4,306.5,286.1,0.06
CCCCCCCCCCCCCCCCCCCCCCS(=O)(=O)O,7.7,390.7,365.6,0.06
CCCCCCCCCCCCCCCCCCCCCCCCCCCS(=O)(=O)O,9.6,460.8,433.8,0.06
CCCCCCCCCCCCCCCCSOS(=O)(=O)O,5.9,354.6,318.1,0.02
CCCCCCCCCCCCCCOS(=O)(=O)O,4.5,294.5,275.2,0.08
CCCCCCCCCCCCCCCCCCCOS(=O)(=O)O,6.5,364.6,341.3,0.08
CCCCCCCCCCCCCCCCCCCCCCCCS(=O)(=O)O,8.5,418.7,392.7,0.06
CCCCCCCCCCCCCCSOS(=O)(=O)O,5.2,326.5,291.5,0.02
CCCCCCCCCCCCC(COS(=O)(=O)O)C=CCCCCCCCCCC,8.8,460.8,487.6,0.03
CCCCCCCC(COS(=O)(=O)O)C=CCCCC,4.5,306.5,335.8,0.03
CCCCCCCCCCCCC(COS(=O)(=O)O)C=CCCCCC,6.9,390.6,417.7,0.03
CCCCCCCCCCCC(COS(=O)(=O)O)C=CCCCCCCCCCC,8.4,446.7,473.5,0.03
CCCCCCCCCCCC(COS(=O)(=O)O)C=CCCCCC,6.5,376.6,403.9,0.03
CCCCCCCCCC(COS(=O)(=O)O)C=CCCCC,5.3,334.5,362.9,0.03
CCCCCCCCCCCCCC=CC(CCCCCC)COS(=O)(=O)O,7.6,418.7,445.5,0.03
CCCCCCCC(COS(=O)(=O)O)C=CCCCCC,4.9,320.5,349.3,0.03
CCCCCCCCCCC=CCCCCCCCCCCOS(=O)(=O)O,7.4,404.7,418.0,0.05
CCCCCCCCCCCCCCC(CCCCCCCCC)COS(=O)(=O)O,8.7,448.8,436.4,0.05
CCCCCCCCC(CCC)COS(=O)(=O)O,4.0,280.4,274.7,0.05
CC(=O)CCCCCCCCCCCCCCCCCCCCCOS(=O)(=O)O,7.2,434.7,461.9,0.01
CCCCCCCCCCCCC(CCCCCC)COS(=O)(=O)O,6.7,378.6,367.9,0.05
CCCCCCCCCCCCCCCCCCCCOS(=O)(=O)O,6.8,378.6,354.7,0.08
CCCCCCCCCCCCCC(CCCCCCC)COS(=O)(=O)O,7.5,406.7,395.1,0.05
CCCCCCCCCCCCCCCCCCCC(CCCCCC)COS(=O)(=O)O,9.4,476.8,464.3,0.05
CCCCCCCCCC=CC(CCCCCCCCC)COS(=O)(=O)O,7.3,404.7,431.6,0.03
CCCCCCCCCCCCCOS(=O)(=O)O,4.1,280.4,262.2,0.08
CCCC(C)CCCCCCCCCOS(=O)(=O)O,4.4,294.5,287.8,0.1
CCCCCCC=CCCCCCCCCOS(=O)(=O)O,5.1,320.5,336.2,0.05
CCCCCCCCCC=CCCCOS(=O)(=O)O,4.3,292.4,309.4,0.05
CCC(C)CCCCCC(CC)CCOS(=O)(=O)O,4.2,294.5,300.6,0.08
CCCCCCCCCCCCCC.C=CCOS(=O)(=O)O,5.7,336.5,300.6,0.01
CCCCCCCCCCC(C)COS(=O)(=O)O,4.0,280.4,274.7,0.05
CCCCCC(C)CCCCCCC(C)COS(=O)(=O)O,5.0,322.5,327.2,0.03
CCCCCCCCCCCC(COS(=O)(=O)O)C=CCCCCCCCC,7.6,418.7,445.5,0.03
CCCCCCCCCCCC(CCCCCCCCCCC)COS(=O)(=O)O,8.3,434.7,400.6,0.05
CCCCCCCCCCCCCCCCCCCC=COS(=O)(=O)O,7.4,390.6,404.2,0.07
CCCCCCCCCCCCCCCCCCCCC=CC=COS(=O)(=O)O,8.3,430.7,483.1,0.07
CCCCCCCCCC=CC(CCCCCCC)COS(=O)(=O)O,6.5,376.6,403.9,0.03
CCCCCCCCCCCCCCCCCCC=CC=COS(=O)(=O)O,7.5,402.6,454.9,0.07
CCCCCCC(COS(=O)(=O)O)C=CCCCC,4.1,292.4,322.3,0.03
CCCCCCCCCCCCC(COS(=O)(=O)O)C=CCCCCCCCCCC,8.8,460.8,487.6,0.03
CCCCCCCCCC(COS(=O)(=O)O)C=CCCCCCCCC,6.9,390.6,417.7,0.03
CCCCCCCCCCCCCCC=CC(CCCCCC)COS(=O)(=O)O,8.0,432.7,459.5,0.03
CCCCCCCCCCCCCC=CC(CCCCCCCC)COS(=O)(=O)O,8.4,446.7,473.5,0.03
CCCCCCCCCCCCCCCCCCCCC=COS(=O)(=O)O,7.8,404.7,418.0,0.07
CCCCCCCCC=CCC(CCCCCC)OS(=O)(=O)O,5.8,348.5,376.5,0.02
CCCCCCCCCCCCCCCCCCSOS(=O)(=O)O,6.7,382.6,344.9,0.02
CCCCCCCCCCCCCCCCCCCCCCCCCCCCS(=O)(=O)O,10.0,474.8,447.6,0.06
CCCCCCCCCCCCCCCCCCCCCCCCCCS(=O)(=O)O,9.3,446.8,420.0,0.06
CCCCCCCCCCCCCCCCCCOS(=O)(=O)O,6.1,350.6,327.9,0.08
CCCCCCCCCCCCCCCCS(=O)(=O)O,5.4,306.5,286.1,0.06
CCCCCCCCCCCCCCCCCCCCOS(=O)(=O)O,6.8,378.6,354.7,0.08
CCCCCCCCCCCCCCCCCCCCCCCOOS(=O)(=O)O,7.9,436.7,411.5,0.03
CCCCCCCCCCCCCCCCCCCCCOS(=O)(=O)O,7.2,392.6,368.2,0.08
